timestamp,machine_id,machine_state,lag_1_energy,lag_2_energy,lag_3_energy,rolling_mean_energy,rolling_std_energy,production_rate,rpm,torque_nm,temperature_c,vibration,health_score,anomaly_score,hour_of_day,day_of_week,target_energy_1min_kwh
2026-10-02 08:03:00+00:00,M01,SLEEP,0.00643,0.02578,0.11919,0.050467,0.049233,0.0,0.0,0.0,35.14,0.006,97.0,0.02,8.0,4.0,0.00583
2026-10-02 08:03:00+00:00,M04,RUNNING,0.0939,0.09388,0.08731,0.091697,0.003102,60.0,2800.2,19.05,44.97,0.147,96.9,0.03,8.0,4.0,0.0931
2026-10-02 08:03:00+00:00,M03,DEGRADED,0.13903,0.13946,0.12956,0.136017,0.004569,120.0,1419.5,68.68,53.42,0.617,68.5,0.61,8.0,4.0,0.17008
2026-10-02 08:03:00+00:00,M02,RUNNING,0.11511,0.11681,0.10763,0.113183,0.003988,120.0,1200.6,54.83,47.99,0.165,96.8,0.03,8.0,4.0,0.11488
2026-10-02 08:04:00+00:00,M01,SLEEP,0.00583,0.00643,0.02578,0.01268,0.009266,0.0,0.0,0.0,32.57,0.005,97.0,0.02,8.0,4.0,0.00578
2026-10-02 08:04:00+00:00,M04,RUNNING,0.0931,0.0939,0.09388,0.093627,0.000372,120.0,2799.8,19.16,45.06,0.15,96.9,0.03,8.0,4.0,0.09362
2026-10-02 08:04:00+00:00,M03,DEGRADED,0.17008,0.13903,0.13946,0.149523,0.014537,60.0,1407.6,71.13,56.22,0.689,61.9,0.73,8.0,4.0,0.17474
2026-10-02 08:04:00+00:00,M02,OVERLOAD,0.11488,0.11511,0.11681,0.1156,0.000861,120.0,1141.1,99.66,50.62,0.438,68.6,0.73,8.0,4.0,0.19831
2026-10-02 08:05:00+00:00,M01,SLEEP,0.00578,0.00583,0.00643,0.006013,0.000295,0.0,0.0,0.0,31.08,0.005,97.0,0.02,8.0,4.0,0.00588
2026-10-02 08:05:00+00:00,M03,RUNNING,0.17474,0.17008,0.13903,0.161283,0.01585,120.0,1497.2,55.54,57.28,0.234,95.1,0.74,8.0,4.0,0.14502
2026-10-02 08:05:00+00:00,M04,RUNNING,0.09362,0.0931,0.0939,0.09354,0.000331,60.0,2799.7,19.2,45.02,0.15,96.9,0.03,8.0,4.0,0.09381
2026-10-02 08:05:00+00:00,M02,RUNNING,0.19831,0.11488,0.11511,0.142767,0.039275,120.0,1199.2,57.46,52.49,0.176,95.5,0.74,8.0,4.0,0.12011
2026-10-02 08:06:00+00:00,M03,RUNNING,0.14502,0.17474,0.17008,0.16328,0.013051,120.0,1499.7,53.15,55.48,0.201,95.7,0.1,8.0,4.0,0.13911
2026-10-02 08:06:00+00:00,M02,RUNNING,0.12011,0.19831,0.11488,0.144433,0.038156,60.0,1199.8,55.07,50.61,0.156,96.1,0.07,8.0,4.0,0.11531
2026-10-02 08:06:00+00:00,M04,RUNNING,0.09381,0.09362,0.0931,0.09351,0.0003,120.0,2799.7,19.11,44.88,0.148,97.0,0.02,8.0,4.0,0.09337
2026-10-02 08:06:00+00:00,M01,RUNNING,0.00588,0.00578,0.00583,0.00583,4.1e-05,120.0,1401.6,48.71,34.69,0.175,96.9,0.03,8.0,4.0,0.12344
2026-10-02 08:07:00+00:00,M04,RUNNING,0.09337,0.09381,0.09362,0.0936,0.00018,60.0,2799.6,19.1,44.81,0.152,97.0,0.03,8.0,4.0,0.09335
2026-10-02 08:07:00+00:00,M02,RUNNING,0.11531,0.12011,0.19831,0.144577,0.038046,120.0,1199.2,55.23,49.61,0.162,96.4,0.05,8.0,4.0,0.11558
2026-10-02 08:07:00+00:00,M01,IDLE,0.12344,0.00588,0.00578,0.045033,0.055442,0.0,63.2,5.36,36.74,0.042,97.0,0.02,8.0,4.0,0.02617
2026-10-02 08:07:00+00:00,M03,RUNNING,0.13911,0.14502,0.17474,0.152957,0.015591,180.0,1499.8,53.4,54.12,0.201,96.3,0.07,8.0,4.0,0.13978
2026-10-02 08:08:00+00:00,M02,RUNNING,0.11558,0.11531,0.12011,0.117,0.002202,120.0,1199.1,55.22,49.0,0.164,96.6,0.05,8.0,4.0,0.11556
2026-10-02 08:08:00+00:00,M04,RUNNING,0.09335,0.09337,0.09381,0.09351,0.000212,120.0,2799.9,18.96,44.72,0.153,96.9,0.03,8.0,4.0,0.09267
2026-10-02 08:08:00+00:00,M03,RUNNING,0.13978,0.13911,0.14502,0.141303,0.002642,120.0,1501.2,53.09,53.13,0.203,96.5,0.04,8.0,4.0,0.13909
2026-10-02 08:08:00+00:00,M01,SLEEP,0.02617,0.12344,0.00588,0.05183,0.051309,0.0,0.6,0.12,33.87,0.007,97.0,0.02,8.0,4.0,0.00644
2026-10-02 08:09:00+00:00,M01,SLEEP,0.00644,0.02617,0.12344,0.052017,0.051142,0.0,0.0,0.0,31.88,0.006,97.0,0.02,8.0,4.0,0.00579
2026-10-02 08:09:00+00:00,M04,RUNNING,0.09267,0.09335,0.09337,0.09313,0.000325,60.0,2800.1,19.29,44.77,0.151,96.9,0.02,8.0,4.0,0.09425
2026-10-02 08:09:00+00:00,M02,RUNNING,0.11556,0.11558,0.11531,0.115483,0.000123,60.0,1200.6,55.3,48.47,0.161,96.7,0.03,8.0,4.0,0.11588
2026-10-02 08:09:00+00:00,M03,DEGRADED,0.13909,0.13978,0.13911,0.139327,0.000321,60.0,1420.7,68.81,54.12,0.617,68.3,0.62,8.0,4.0,0.17054
2026-10-02 08:10:00+00:00,M01,SLEEP,0.00579,0.00644,0.02617,0.0128,0.009458,0.0,0.0,0.0,30.65,0.006,97.0,0.02,8.0,4.0,0.00588
2026-10-02 08:10:00+00:00,M04,RUNNING,0.09425,0.09267,0.09335,0.093423,0.000647,120.0,2799.5,19.11,44.82,0.149,96.9,0.03,8.0,4.0,0.09336
2026-10-02 08:10:00+00:00,M03,DEGRADED,0.17054,0.13909,0.13978,0.149803,0.014666,120.0,1407.2,71.48,56.8,0.69,61.7,0.73,8.0,4.0,0.17553
2026-10-02 08:10:00+00:00,M02,OVERLOAD,0.11588,0.11556,0.11558,0.115673,0.000146,120.0,1143.9,99.62,50.85,0.434,68.4,0.74,8.0,4.0,0.19871
2026-10-02 08:11:00+00:00,M01,SLEEP,0.00588,0.00579,0.00644,0.006037,0.000288,0.0,0.0,0.0,29.88,0.005,97.0,0.02,8.0,4.0,0.00589
2026-10-02 08:11:00+00:00,M04,RUNNING,0.09336,0.09425,0.09267,0.093427,0.000647,60.0,2800.1,18.85,44.9,0.149,96.9,0.02,8.0,4.0,0.09209
2026-10-02 08:11:00+00:00,M03,RUNNING,0.17553,0.17054,0.13909,0.16172,0.016131,120.0,1496.6,55.39,57.47,0.236,95.2,0.74,8.0,4.0,0.1446
2026-10-02 08:11:00+00:00,M02,RUNNING,0.19871,0.11588,0.11556,0.143383,0.039122,120.0,1198.2,57.07,52.5,0.173,95.4,0.75,8.0,4.0,0.11916
2026-10-02 08:12:00+00:00,M01,RUNNING,0.00589,0.00588,0.00579,0.005853,4.5e-05,120.0,1401.8,48.65,33.82,0.174,97.0,0.03,8.0,4.0,0.12332
2026-10-02 08:12:00+00:00,M04,RUNNING,0.09209,0.09336,0.09425,0.093233,0.000886,120.0,2799.7,19.01,45.01,0.148,96.9,0.03,8.0,4.0,0.09287
2026-10-02 08:12:00+00:00,M03,RUNNING,0.1446,0.17553,0.17054,0.163557,0.013558,120.0,1499.6,53.32,55.27,0.202,95.9,0.09,8.0,4.0,0.13955
2026-10-02 08:12:00+00:00,M02,RUNNING,0.11916,0.19871,0.11588,0.144583,0.038297,60.0,1200.7,54.89,50.7,0.158,96.1,0.08,8.0,4.0,0.11501
2026-10-02 08:13:00+00:00,M01,IDLE,0.12332,0.00589,0.00588,0.04503,0.055359,0.0,62.8,5.34,36.1,0.045,97.0,0.02,8.0,4.0,0.02605
2026-10-02 08:13:00+00:00,M02,RUNNING,0.11501,0.11916,0.19871,0.144293,0.038516,120.0,1200.1,55.15,49.56,0.16,96.5,0.06,8.0,4.0,0.11552
2026-10-02 08:13:00+00:00,M04,RUNNING,0.09287,0.09209,0.09336,0.092773,0.000523,60.0,2800.2,19.27,45.1,0.15,96.9,0.03,8.0,4.0,0.09416
2026-10-02 08:13:00+00:00,M03,RUNNING,0.13955,0.1446,0.17553,0.153227,0.015905,120.0,1500.1,53.03,54.07,0.199,96.2,0.06,8.0,4.0,0.13883
2026-10-02 08:14:00+00:00,M01,SLEEP,0.02605,0.12332,0.00589,0.051753,0.05127,0.0,0.4,0.12,33.35,0.006,97.0,0.02,8.0,4.0,0.00631
2026-10-02 08:14:00+00:00,M02,RUNNING,0.11552,0.11501,0.11916,0.116563,0.001848,120.0,1198.8,55.38,48.9,0.161,96.7,0.04,8.0,4.0,0.11585
2026-10-02 08:14:00+00:00,M04,RUNNING,0.09416,0.09287,0.09209,0.09304,0.000854,120.0,2800.3,19.15,45.09,0.151,97.0,0.03,8.0,4.0,0.0936
2026-10-02 08:14:00+00:00,M03,RUNNING,0.13883,0.13955,0.1446,0.140993,0.002567,180.0,1499.9,53.29,53.35,0.202,96.5,0.05,8.0,4.0,0.1395
2026-10-02 08:15:00+00:00,M01,SLEEP,0.00631,0.02605,0.12332,0.051893,0.051145,0.0,0.0,0.0,31.36,0.006,97.0,0.02,8.0,4.0,0.00585
2026-10-02 08:15:00+00:00,M04,RUNNING,0.0936,0.09416,0.09287,0.093543,0.000528,60.0,2800.3,19.12,44.92,0.15,97.0,0.03,8.0,4.0,0.09343
2026-10-02 08:15:00+00:00,M03,DEGRADED,0.1395,0.13883,0.13955,0.139293,0.000328,60.0,1420.8,68.59,54.19,0.619,68.3,0.63,8.0,4.0,0.17002
2026-10-02 08:15:00+00:00,M02,RUNNING,0.11585,0.11552,0.11501,0.11546,0.000346,60.0,1199.8,55.33,48.59,0.159,96.7,0.03,8.0,4.0,0.11584
2026-10-02 08:16:00+00:00,M03,DEGRADED,0.17002,0.1395,0.13883,0.14945,0.014548,120.0,1406.0,71.36,56.8,0.691,61.8,0.74,8.0,4.0,0.1751
2026-10-02 08:16:00+00:00,M02,OVERLOAD,0.11584,0.11585,0.11552,0.115737,0.000153,120.0,1141.8,100.1,51.05,0.434,68.3,0.73,8.0,4.0,0.1993
2026-10-02 08:16:00+00:00,M04,RUNNING,0.09343,0.0936,0.09416,0.09373,0.000312,120.0,2801.2,19.09,45.07,0.147,96.9,0.03,8.0,4.0,0.09334
2026-10-02 08:16:00+00:00,M01,SLEEP,0.00585,0.00631,0.02605,0.012737,0.009416,0.0,0.0,0.0,30.27,0.005,97.0,0.02,8.0,4.0,0.00587
2026-10-02 08:17:00+00:00,M03,RUNNING,0.1751,0.17002,0.1395,0.16154,0.015722,120.0,1496.5,55.41,57.57,0.235,95.0,0.73,8.0,4.0,0.14459
2026-10-02 08:17:00+00:00,M02,RUNNING,0.1993,0.11584,0.11585,0.143663,0.039341,120.0,1197.7,56.91,52.64,0.174,95.4,0.73,8.0,4.0,0.11882
2026-10-02 08:17:00+00:00,M04,RUNNING,0.09334,0.09343,0.0936,0.093457,0.000108,60.0,2799.8,19.0,45.08,0.151,96.8,0.03,8.0,4.0,0.09282
2026-10-02 08:17:00+00:00,M01,SLEEP,0.00587,0.00585,0.00631,0.00601,0.000212,0.0,0.0,0.0,29.49,0.006,97.0,0.02,8.0,4.0,0.00585
2026-10-02 08:18:00+00:00,M02,RUNNING,0.11882,0.1993,0.11584,0.144653,0.03866,60.0,1199.0,55.06,50.77,0.162,96.0,0.09,8.0,4.0,0.11522
2026-10-02 08:18:00+00:00,M03,RUNNING,0.14459,0.1751,0.17002,0.163237,0.013347,120.0,1500.8,52.94,55.57,0.199,95.8,0.1,8.0,4.0,0.13867
2026-10-02 08:18:00+00:00,M01,RUNNING,0.00585,0.00587,0.00585,0.005857,9e-06,120.0,1401.6,48.72,33.6,0.172,96.9,0.02,8.0,4.0,0.12346
2026-10-02 08:18:00+00:00,M04,RUNNING,0.09282,0.09334,0.09343,0.093197,0.000269,120.0,2800.4,19.1,44.98,0.152,96.9,0.02,8.0,4.0,0.09335
2026-10-02 08:19:00+00:00,M02,RUNNING,0.11522,0.11882,0.1993,0.144447,0.038815,120.0,1200.5,54.67,49.72,0.159,96.4,0.05,8.0,4.0,0.11454
2026-10-02 08:19:00+00:00,M04,RUNNING,0.09335,0.09282,0.09334,0.09317,0.000248,60.0,2799.5,19.25,44.86,0.15,96.8,0.03,8.0,4.0,0.09403
2026-10-02 08:19:00+00:00,M01,IDLE,0.12346,0.00585,0.00587,0.04506,0.055437,0.0,62.7,5.34,35.96,0.042,97.0,0.02,8.0,4.0,0.02621
2026-10-02 08:19:00+00:00,M03,RUNNING,0.13867,0.14459,0.1751,0.152787,0.015962,120.0,1499.4,53.15,54.32,0.199,96.1,0.07,8.0,4.0,0.13908
2026-10-02 08:20:00+00:00,M03,RUNNING,0.13908,0.13867,0.14459,0.14078,0.002699,120.0,1501.3,53.67,53.53,0.2,96.5,0.05,8.0,4.0,0.14063
2026-10-02 08:20:00+00:00,M04,RUNNING,0.09403,0.09335,0.09282,0.0934,0.000495,120.0,2799.1,18.99,44.98,0.15,97.0,0.03,8.0,4.0,0.09279
2026-10-02 08:20:00+00:00,M01,SLEEP,0.02621,0.12346,0.00585,0.05184,0.051321,0.0,0.5,0.12,33.3,0.007,97.0,0.02,8.0,4.0,0.00638
2026-10-02 08:20:00+00:00,M02,RUNNING,0.11454,0.11522,0.11882,0.116193,0.001878,120.0,1201.1,55.41,49.1,0.161,96.6,0.04,8.0,4.0,0.11614
2026-10-02 08:21:00+00:00,M03,DEGRADED,0.14063,0.13908,0.13867,0.13946,0.000844,120.0,1421.8,68.63,54.24,0.618,68.3,0.61,8.0,4.0,0.1702
2026-10-02 08:21:00+00:00,M04,RUNNING,0.09279,0.09403,0.09335,0.09339,0.000507,60.0,2798.9,19.09,45.04,0.147,96.9,0.03,8.0,4.0,0.09325
2026-10-02 08:21:00+00:00,M01,SLEEP,0.00638,0.02621,0.12346,0.052017,0.051163,0.0,0.0,0.0,31.29,0.006,97.0,0.02,8.0,4.0,0.00582
2026-10-02 08:21:00+00:00,M02,RUNNING,0.11614,0.11454,0.11522,0.1153,0.000656,60.0,1200.2,54.7,48.79,0.162,96.7,0.04,8.0,4.0,0.11458
2026-10-02 08:22:00+00:00,M03,DEGRADED,0.1702,0.14063,0.13908,0.14997,0.014319,120.0,1406.9,71.7,56.82,0.693,61.6,0.74,8.0,4.0,0.17606
2026-10-02 08:22:00+00:00,M01,SLEEP,0.00582,0.00638,0.02621,0.012803,0.009483,0.0,0.0,0.0,30.07,0.006,97.0,0.02,8.0,4.0,0.00581
2026-10-02 08:22:00+00:00,M04,RUNNING,0.09325,0.09279,0.09403,0.093357,0.000512,120.0,2800.8,19.08,45.07,0.151,96.9,0.03,8.0,4.0,0.09329
2026-10-02 08:22:00+00:00,M02,OVERLOAD,0.11458,0.11614,0.11454,0.115087,0.000745,120.0,1142.4,100.29,51.02,0.433,68.6,0.74,8.0,4.0,0.19979
2026-10-02 08:23:00+00:00,M01,SLEEP,0.00581,0.00582,0.00638,0.006003,0.000266,0.0,0.0,0.0,29.29,0.005,97.0,0.02,8.0,4.0,0.00582
2026-10-02 08:23:00+00:00,M04,RUNNING,0.09329,0.09325,0.09279,0.09311,0.000227,60.0,2800.4,19.03,45.08,0.148,96.9,0.02,8.0,4.0,0.09299
2026-10-02 08:23:00+00:00,M02,RUNNING,0.19979,0.11458,0.11614,0.143503,0.039806,120.0,1198.2,57.04,52.68,0.174,95.3,0.74,8.0,4.0,0.11912
2026-10-02 08:23:00+00:00,M03,RUNNING,0.17606,0.1702,0.14063,0.162297,0.015506,120.0,1497.5,55.64,57.68,0.237,95.1,0.74,8.0,4.0,0.14533
2026-10-02 08:24:00+00:00,M01,RUNNING,0.00582,0.00581,0.00582,0.005817,5e-06,120.0,1401.3,48.74,33.34,0.174,96.9,0.02,8.0,4.0,0.12351
2026-10-02 08:24:00+00:00,M02,RUNNING,0.11912,0.19979,0.11458,0.144497,0.039142,60.0,1200.1,55.28,51.0,0.158,96.0,0.09,8.0,4.0,0.11579
2026-10-02 08:24:00+00:00,M03,RUNNING,0.14533,0.17606,0.1702,0.163863,0.013322,120.0,1500.6,53.36,55.46,0.201,95.9,0.11,8.0,4.0,0.13974
2026-10-02 08:24:00+00:00,M04,RUNNING,0.09299,0.09329,0.09325,0.093177,0.000133,120.0,2799.3,19.19,45.28,0.149,96.7,0.03,8.0,4.0,0.09377
2026-10-02 08:25:00+00:00,M03,RUNNING,0.13974,0.14533,0.17606,0.15371,0.015968,120.0,1499.1,53.14,53.89,0.201,96.3,0.06,8.0,4.0,0.13903
2026-10-02 08:25:00+00:00,M01,IDLE,0.12351,0.00582,0.00581,0.045047,0.055482,0.0,63.3,5.26,35.7,0.044,97.0,0.02,8.0,4.0,0.02609
2026-10-02 08:25:00+00:00,M02,RUNNING,0.11579,0.11912,0.19979,0.1449,0.038837,120.0,1199.7,54.91,50.0,0.162,96.2,0.07,8.0,4.0,0.11496
2026-10-02 08:25:00+00:00,M04,RUNNING,0.09377,0.09299,0.09329,0.09335,0.000321,60.0,2800.1,19.17,45.18,0.148,96.9,0.03,8.0,4.0,0.09366
2026-10-02 08:26:00+00:00,M02,RUNNING,0.11496,0.11579,0.11912,0.116623,0.001798,120.0,1200.2,54.98,49.4,0.16,96.5,0.04,8.0,4.0,0.11517
2026-10-02 08:26:00+00:00,M03,RUNNING,0.13903,0.13974,0.14533,0.141367,0.002817,120.0,1500.3,52.81,53.0,0.204,96.5,0.04,8.0,4.0,0.13827
2026-10-02 08:26:00+00:00,M01,SLEEP,0.02609,0.12351,0.00582,0.051807,0.051373,0.0,0.3,0.12,32.88,0.007,97.0,0.02,8.0,4.0,0.00645
2026-10-02 08:26:00+00:00,M04,RUNNING,0.09366,0.09377,0.09299,0.093473,0.000345,120.0,2798.2,19.08,45.07,0.153,96.9,0.03,8.0,4.0,0.09319
2026-10-02 08:27:00+00:00,M01,SLEEP,0.00645,0.02609,0.12351,0.052017,0.051185,0.0,0.0,0.0,31.18,0.006,97.0,0.02,8.0,4.0,0.00583
2026-10-02 08:27:00+00:00,M02,RUNNING,0.11517,0.11496,0.11579,0.115307,0.000352,60.0,1199.0,54.68,48.84,0.161,96.6,0.03,8.0,4.0,0.11442
2026-10-02 08:27:00+00:00,M03,DEGRADED,0.13827,0.13903,0.13974,0.139013,0.0006,120.0,1422.6,68.62,54.21,0.619,68.1,0.62,8.0,4.0,0.17028
2026-10-02 08:27:00+00:00,M04,RUNNING,0.09319,0.09366,0.09377,0.09354,0.000252,60.0,2800.0,19.06,45.2,0.151,96.9,0.03,8.0,4.0,0.09314
2026-10-02 08:28:00+00:00,M03,DEGRADED,0.17028,0.13827,0.13903,0.149193,0.014914,60.0,1409.4,71.45,56.8,0.694,61.6,0.74,8.0,4.0,0.17575
2026-10-02 08:28:00+00:00,M04,RUNNING,0.09314,0.09319,0.09366,0.09333,0.000234,120.0,2800.4,19.17,45.27,0.149,96.8,0.03,8.0,4.0,0.09368
2026-10-02 08:28:00+00:00,M02,OVERLOAD,0.11442,0.11517,0.11496,0.11485,0.000316,120.0,1142.7,99.7,51.21,0.436,68.2,0.74,8.0,4.0,0.19865
2026-10-02 08:28:00+00:00,M01,SLEEP,0.00583,0.00645,0.02609,0.01279,0.009408,0.0,0.0,0.0,30.17,0.006,97.0,0.02,8.0,4.0,0.00586
2026-10-02 08:29:00+00:00,M01,SLEEP,0.00586,0.00583,0.00645,0.006047,0.000285,0.0,0.0,0.0,29.49,0.005,97.0,0.02,8.0,4.0,0.00583
2026-10-02 08:29:00+00:00,M04,RUNNING,0.09368,0.09314,0.09319,0.093337,0.000244,60.0,2799.2,19.06,45.19,0.151,96.8,0.03,8.0,4.0,0.09312
2026-10-02 08:29:00+00:00,M03,RUNNING,0.17575,0.17028,0.13827,0.161433,0.01653,120.0,1496.9,55.66,57.68,0.236,95.0,0.74,8.0,4.0,0.14529
2026-10-02 08:29:00+00:00,M02,RUNNING,0.19865,0.11442,0.11517,0.142747,0.039531,120.0,1197.8,57.11,52.87,0.174,95.4,0.75,8.0,4.0,0.11928
2026-10-02 08:30:00+00:00,M04,RUNNING,0.09312,0.09368,0.09314,0.093313,0.000259,120.0,2800.2,18.96,45.02,0.149,96.9,0.02,8.0,4.0,0.09265
2026-10-02 08:30:00+00:00,M02,RUNNING,0.11928,0.19865,0.11442,0.144117,0.038612,60.0,1200.2,55.13,51.04,0.159,95.9,0.08,8.0,4.0,0.11547
2026-10-02 08:30:00+00:00,M03,RUNNING,0.14529,0.17575,0.17028,0.163773,0.013259,180.0,1500.1,53.23,55.75,0.2,95.6,0.1,8.0,4.0,0.13935
2026-10-02 08:30:00+00:00,M01,RUNNING,0.00583,0.00586,0.00583,0.00584,1.4e-05,120.0,1400.6,48.66,33.5,0.174,96.8,0.03,8.0,4.0,0.12323
2026-10-02 08:31:00+00:00,M03,RUNNING,0.13935,0.14529,0.17575,0.153463,0.015945,120.0,1500.3,53.38,54.18,0.201,96.3,0.07,8.0,4.0,0.13977
2026-10-02 08:31:00+00:00,M04,RUNNING,0.09265,0.09312,0.09368,0.09315,0.000421,60.0,2800.1,19.12,45.07,0.151,96.8,0.03,8.0,4.0,0.09344
2026-10-02 08:31:00+00:00,M02,RUNNING,0.11547,0.11928,0.19865,0.144467,0.038345,120.0,1200.3,55.05,49.72,0.16,96.3,0.05,8.0,4.0,0.11531
2026-10-02 08:31:00+00:00,M01,IDLE,0.12323,0.00583,0.00586,0.044973,0.055336,0.0,63.7,5.3,35.76,0.04,97.0,0.02,8.0,4.0,0.02597
2026-10-02 08:32:00+00:00,M04,RUNNING,0.09344,0.09265,0.09312,0.09307,0.000324,120.0,2800.0,19.01,45.08,0.148,96.9,0.03,8.0,4.0,0.09291
2026-10-02 08:32:00+00:00,M02,RUNNING,0.11531,0.11547,0.11928,0.116687,0.001835,120.0,1199.6,55.35,48.97,0.16,96.6,0.04,8.0,4.0,0.11588
2026-10-02 08:32:00+00:00,M01,SLEEP,0.02597,0.12323,0.00583,0.051677,0.05126,0.0,0.6,0.12,33.02,0.006,97.0,0.02,8.0,4.0,0.00639
2026-10-02 08:32:00+00:00,M03,RUNNING,0.13977,0.13935,0.14529,0.14147,0.002707,120.0,1499.9,53.19,53.3,0.198,96.4,0.05,8.0,4.0,0.13922
2026-10-02 08:33:00+00:00,M04,RUNNING,0.09291,0.09344,0.09265,0.093,0.000329,60.0,2799.3,19.15,45.02,0.148,96.9,0.02,8.0,4.0,0.09356
2026-10-02 08:33:00+00:00,M01,SLEEP,0.00639,0.02597,0.12323,0.051863,0.051093,0.0,0.0,0.0,31.3,0.005,97.0,0.02,8.0,4.0,0.00584
2026-10-02 08:33:00+00:00,M03,DEGRADED,0.13922,0.13977,0.13935,0.139447,0.000235,120.0,1421.3,68.5,54.26,0.617,68.1,0.63,8.0,4.0,0.16983
2026-10-02 08:33:00+00:00,M02,RUNNING,0.11588,0.11531,0.11547,0.115553,0.00024,60.0,1200.0,54.97,48.56,0.159,96.8,0.03,8.0,4.0,0.11511
2026-10-02 08:34:00+00:00,M03,DEGRADED,0.16983,0.13922,0.13977,0.149607,0.014302,60.0,1407.5,71.13,56.69,0.696,61.5,0.73,8.0,4.0,0.17471
2026-10-02 08:34:00+00:00,M02,OVERLOAD,0.11511,0.11588,0.11531,0.115433,0.000326,120.0,1142.7,99.26,51.03,0.439,68.2,0.74,8.0,4.0,0.1978
2026-10-02 08:34:00+00:00,M01,SLEEP,0.00584,0.00639,0.02597,0.012733,0.009362,0.0,0.0,0.0,30.26,0.006,97.0,0.02,8.0,4.0,0.00584
2026-10-02 08:34:00+00:00,M04,RUNNING,0.09356,0.09291,0.09344,0.093303,0.000282,120.0,2800.4,19.18,44.9,0.151,96.9,0.02,8.0,4.0,0.09374
2026-10-02 08:35:00+00:00,M02,RUNNING,0.1978,0.11511,0.11588,0.14293,0.0388,120.0,1198.1,56.62,52.84,0.174,95.3,0.75,8.0,4.0,0.11823
2026-10-02 08:35:00+00:00,M01,SLEEP,0.00584,0.00584,0.00639,0.006023,0.000259,0.0,0.0,0.0,29.42,0.006,97.0,0.02,8.0,4.0,0.00582
2026-10-02 08:35:00+00:00,M04,RUNNING,0.09374,0.09356,0.09291,0.093403,0.000356,60.0,2799.8,19.27,44.85,0.149,97.0,0.02,8.0,4.0,0.09416
2026-10-02 08:35:00+00:00,M03,RUNNING,0.17471,0.16983,0.13922,0.161253,0.015707,120.0,1496.7,55.33,57.54,0.236,95.0,0.73,8.0,4.0,0.14445
2026-10-02 08:36:00+00:00,M02,RUNNING,0.11823,0.1978,0.11511,0.143713,0.038266,60.0,1200.4,55.23,51.02,0.16,96.0,0.09,8.0,4.0,0.11569
2026-10-02 08:36:00+00:00,M04,RUNNING,0.09416,0.09374,0.09356,0.09382,0.000251,120.0,2800.0,19.17,44.98,0.152,97.0,0.02,8.0,4.0,0.09367
2026-10-02 08:36:00+00:00,M01,RUNNING,0.00582,0.00584,0.00584,0.005833,9e-06,120.0,1401.9,48.91,33.42,0.171,97.0,0.02,8.0,4.0,0.12398
2026-10-02 08:36:00+00:00,M03,RUNNING,0.14445,0.17471,0.16983,0.162997,0.013265,120.0,1501.0,53.1,55.57,0.201,95.7,0.1,8.0,4.0,0.13911
2026-10-02 08:37:00+00:00,M04,RUNNING,0.09367,0.09416,0.09374,0.093857,0.000216,60.0,2800.1,19.28,45.16,0.149,96.8,0.03,8.0,4.0,0.09423
2026-10-02 08:37:00+00:00,M01,IDLE,0.12398,0.00582,0.00584,0.045213,0.055696,0.0,63.6,5.35,35.82,0.042,97.0,0.02,8.0,4.0,0.02626
2026-10-02 08:37:00+00:00,M03,RUNNING,0.13911,0.14445,0.17471,0.152757,0.015676,180.0,1500.5,52.68,54.21,0.2,96.1,0.07,8.0,4.0,0.13795
2026-10-02 08:37:00+00:00,M02,RUNNING,0.11569,0.11823,0.1978,0.143907,0.038122,120.0,1200.5,55.13,49.72,0.16,96.4,0.05,8.0,4.0,0.1155
2026-10-02 08:38:00+00:00,M03,RUNNING,0.13795,0.13911,0.14445,0.140503,0.002831,120.0,1499.8,53.13,53.48,0.199,96.5,0.06,8.0,4.0,0.13905
2026-10-02 08:38:00+00:00,M04,RUNNING,0.09423,0.09367,0.09416,0.09402,0.000249,120.0,2800.1,19.11,45.13,0.152,96.8,0.03,8.0,4.0,0.09336
2026-10-02 08:38:00+00:00,M02,RUNNING,0.1155,0.11569,0.11823,0.116473,0.001245,120.0,1199.4,55.42,48.84,0.157,96.7,0.04,8.0,4.0,0.116
2026-10-02 08:38:00+00:00,M01,SLEEP,0.02626,0.12398,0.00582,0.05202,0.051563,0.0,0.3,0.12,33.37,0.006,97.0,0.02,8.0,4.0,0.00642
2026-10-02 08:39:00+00:00,M04,RUNNING,0.09336,0.09423,0.09367,0.093753,0.00036,60.0,2799.7,19.09,45.09,0.148,96.9,0.03,8.0,4.0,0.09327
2026-10-02 08:39:00+00:00,M02,RUNNING,0.116,0.1155,0.11569,0.11573,0.000206,60.0,1199.8,55.6,48.52,0.16,96.8,0.03,8.0,4.0,0.11642
2026-10-02 08:39:00+00:00,M03,DEGRADED,0.13905,0.13795,0.13911,0.138703,0.000533,60.0,1421.3,68.8,54.45,0.617,68.2,0.63,8.0,4.0,0.17057
2026-10-02 08:39:00+00:00,M01,SLEEP,0.00642,0.02626,0.12398,0.05222,0.051384,0.0,0.0,0.0,31.49,0.006,97.0,0.02,8.0,4.0,0.00584
2026-10-02 08:40:00+00:00,M02,OVERLOAD,0.11642,0.116,0.1155,0.115973,0.000376,120.0,1140.1,101.08,50.81,0.437,68.4,0.73,8.0,4.0,0.20094
2026-10-02 08:40:00+00:00,M04,RUNNING,0.09327,0.09336,0.09423,0.09362,0.000433,120.0,2799.6,19.14,44.93,0.149,97.0,0.03,8.0,4.0,0.09353
2026-10-02 08:40:00+00:00,M03,DEGRADED,0.17057,0.13905,0.13795,0.14919,0.015125,120.0,1408.1,71.52,56.96,0.691,61.7,0.74,8.0,4.0,0.17574
2026-10-02 08:40:00+00:00,M01,SLEEP,0.00584,0.00642,0.02626,0.01284,0.009492,0.0,0.0,0.0,30.35,0.005,97.0,0.02,8.0,4.0,0.00581
2026-10-02 08:41:00+00:00,M01,SLEEP,0.00581,0.00584,0.00642,0.006023,0.000281,0.0,0.0,0.0,29.56,0.005,97.0,0.02,8.0,4.0,0.00588
2026-10-02 08:41:00+00:00,M02,RUNNING,0.20094,0.11642,0.116,0.144453,0.039942,120.0,1197.7,56.91,52.58,0.175,95.4,0.73,8.0,4.0,0.11876
2026-10-02 08:41:00+00:00,M04,RUNNING,0.09353,0.09327,0.09336,0.093387,0.000108,60.0,2799.6,19.05,44.79,0.15,96.9,0.03,8.0,4.0,0.09308
2026-10-02 08:41:00+00:00,M03,RUNNING,0.17574,0.17057,0.13905,0.161787,0.016215,120.0,1496.9,55.32,57.72,0.236,95.0,0.75,8.0,4.0,0.14444
2026-10-02 08:42:00+00:00,M04,RUNNING,0.09308,0.09353,0.09327,0.093293,0.000184,120.0,2799.9,19.09,44.73,0.148,96.9,0.03,8.0,4.0,0.09328
2026-10-02 08:42:00+00:00,M03,RUNNING,0.14444,0.17574,0.17057,0.163583,0.0137,120.0,1499.3,53.07,55.62,0.2,95.7,0.09,8.0,4.0,0.13885
2026-10-02 08:42:00+00:00,M02,RUNNING,0.11876,0.20094,0.11642,0.145373,0.039303,120.0,1200.1,55.26,50.75,0.159,95.9,0.08,8.0,4.0,0.11574
2026-10-02 08:42:00+00:00,M01,RUNNING,0.00588,0.00581,0.00584,0.005843,2.9e-05,120.0,1402.1,48.4,33.47,0.172,96.9,0.03,8.0,4.0,0.12271
2026-10-02 08:43:00+00:00,M03,RUNNING,0.13885,0.14444,0.17574,0.15301,0.016234,120.0,1499.6,53.12,54.22,0.2,96.1,0.07,8.0,4.0,0.13901
2026-10-02 08:43:00+00:00,M02,RUNNING,0.11574,0.11876,0.20094,0.145147,0.039471,60.0,1199.2,55.07,49.6,0.16,96.5,0.06,8.0,4.0,0.11524
2026-10-02 08:43:00+00:00,M01,IDLE,0.12271,0.00588,0.00581,0.0448,0.055091,0.0,61.8,5.34,35.75,0.041,97.0,0.02,8.0,4.0,0.02613
2026-10-02 08:43:00+00:00,M04,RUNNING,0.09328,0.09308,0.09353,0.093297,0.000184,60.0,2800.1,19.28,44.77,0.153,96.8,0.03,8.0,4.0,0.09423
2026-10-02 08:44:00+00:00,M04,RUNNING,0.09423,0.09328,0.09308,0.09353,0.000502,120.0,2800.7,19.1,44.85,0.146,96.9,0.03,8.0,4.0,0.09334
2026-10-02 08:44:00+00:00,M01,SLEEP,0.02613,0.12271,0.00588,0.051573,0.050976,0.0,0.6,0.12,33.03,0.007,97.0,0.02,8.0,4.0,0.00635
2026-10-02 08:44:00+00:00,M03,RUNNING,0.13901,0.13885,0.14444,0.140767,0.002598,120.0,1501.1,53.37,53.41,0.202,96.4,0.05,8.0,4.0,0.13982
2026-10-02 08:44:00+00:00,M02,RUNNING,0.11524,0.11574,0.11876,0.11658,0.001555,120.0,1199.4,54.97,48.81,0.158,96.7,0.04,8.0,4.0,0.11506
2026-10-02 08:45:00+00:00,M01,SLEEP,0.00635,0.02613,0.12271,0.05173,0.050836,0.0,0.0,0.0,31.22,0.005,97.0,0.02,8.0,4.0,0.00581
2026-10-02 08:45:00+00:00,M03,DEGRADED,0.13982,0.13901,0.13885,0.139227,0.000425,120.0,1420.3,68.87,54.33,0.616,68.3,0.62,8.0,4.0,0.17063
2026-10-02 08:45:00+00:00,M04,RUNNING,0.09334,0.09423,0.09328,0.093617,0.000434,60.0,2800.4,19.1,44.91,0.152,96.9,0.03,8.0,4.0,0.09332
2026-10-02 08:45:00+00:00,M02,RUNNING,0.11506,0.11524,0.11574,0.115347,0.000288,120.0,1200.2,55.52,48.45,0.159,96.8,0.03,8.0,4.0,0.11628
2026-10-02 08:46:00+00:00,M01,SLEEP,0.00581,0.00635,0.02613,0.012763,0.009454,0.0,0.0,0.0,29.98,0.005,97.0,0.02,8.0,4.0,0.00584
2026-10-02 08:46:00+00:00,M04,RUNNING,0.09332,0.09334,0.09423,0.09363,0.000424,120.0,2799.6,19.11,45.01,0.15,96.9,0.03,8.0,4.0,0.09336
2026-10-02 08:46:00+00:00,M02,OVERLOAD,0.11628,0.11506,0.11524,0.115527,0.000538,60.0,1141.1,99.78,50.85,0.434,68.5,0.73,8.0,4.0,0.19857
2026-10-02 08:46:00+00:00,M03,DEGRADED,0.17063,0.13982,0.13901,0.14982,0.014719,120.0,1407.4,71.35,56.77,0.694,61.6,0.75,8.0,4.0,0.17525
2026-10-02 08:47:00+00:00,M02,RUNNING,0.19857,0.11628,0.11506,0.143303,0.039083,120.0,1197.6,56.95,52.64,0.177,95.4,0.74,8.0,4.0,0.11886
2026-10-02 08:47:00+00:00,M01,SLEEP,0.00584,0.00581,0.00635,0.006,0.000248,0.0,0.0,0.0,29.29,0.005,97.0,0.02,8.0,4.0,0.00586
2026-10-02 08:47:00+00:00,M03,RUNNING,0.17525,0.17063,0.13982,0.1619,0.015726,120.0,1496.1,55.52,57.52,0.235,95.1,0.74,8.0,4.0,0.14487
2026-10-02 08:47:00+00:00,M04,RUNNING,0.09336,0.09332,0.09334,0.09334,1.6e-05,60.0,2799.7,19.27,45.18,0.154,96.8,0.03,8.0,4.0,0.09416
2026-10-02 08:48:00+00:00,M03,RUNNING,0.14487,0.17525,0.17063,0.163583,0.013366,120.0,1500.0,52.87,55.37,0.201,95.9,0.1,8.0,4.0,0.1384
2026-10-02 08:48:00+00:00,M02,RUNNING,0.11886,0.19857,0.11628,0.14457,0.038198,120.0,1200.2,55.47,50.79,0.159,96.0,0.08,8.0,4.0,0.11619
2026-10-02 08:48:00+00:00,M01,RUNNING,0.00586,0.00584,0.00581,0.005837,2.1e-05,120.0,1401.6,48.77,33.43,0.172,96.9,0.02,8.0,4.0,0.12362
2026-10-02 08:48:00+00:00,M04,RUNNING,0.09416,0.09336,0.09332,0.093613,0.000387,120.0,2799.9,19.23,45.23,0.15,96.8,0.03,8.0,4.0,0.09397
2026-10-02 08:49:00+00:00,M03,RUNNING,0.1384,0.14487,0.17525,0.15284,0.016065,120.0,1499.4,53.21,53.91,0.201,96.3,0.06,8.0,4.0,0.13923
2026-10-02 08:49:00+00:00,M01,IDLE,0.12362,0.00586,0.00584,0.045107,0.055517,0.0,63.2,5.29,35.76,0.042,97.0,0.02,8.0,4.0,0.02608
2026-10-02 08:49:00+00:00,M04,RUNNING,0.09397,0.09416,0.09336,0.09383,0.000341,60.0,2799.2,19.19,45.2,0.151,96.9,0.03,8.0,4.0,0.09373
2026-10-02 08:49:00+00:00,M02,RUNNING,0.11619,0.11886,0.19857,0.14454,0.038221,60.0,1199.9,54.77,49.81,0.16,96.3,0.06,8.0,4.0,0.11469
2026-10-02 08:50:00+00:00,M01,SLEEP,0.02608,0.12362,0.00586,0.051853,0.051414,0.0,0.5,0.12,33.03,0.007,97.0,0.02,8.0,4.0,0.00633
2026-10-02 08:50:00+00:00,M04,RUNNING,0.09373,0.09397,0.09416,0.093953,0.000176,120.0,2799.8,19.04,45.02,0.149,96.9,0.03,8.0,4.0,0.09303
2026-10-02 08:50:00+00:00,M02,RUNNING,0.11469,0.11619,0.11886,0.11658,0.001725,120.0,1200.1,55.3,48.95,0.162,96.6,0.05,8.0,4.0,0.11581
2026-10-02 08:50:00+00:00,M03,RUNNING,0.13923,0.1384,0.14487,0.140833,0.002874,120.0,1500.3,53.3,53.25,0.198,96.5,0.04,8.0,4.0,0.13957
2026-10-02 08:51:00+00:00,M04,RUNNING,0.09303,0.09373,0.09397,0.093577,0.000399,60.0,2801.2,19.07,45.0,0.149,97.0,0.03,8.0,4.0,0.09324
2026-10-02 08:51:00+00:00,M02,RUNNING,0.11581,0.11469,0.11619,0.115563,0.000637,120.0,1199.9,55.14,48.48,0.161,96.7,0.03,8.0,4.0,0.11545
2026-10-02 08:51:00+00:00,M03,DEGRADED,0.13957,0.13923,0.1384,0.139067,0.000491,120.0,1420.7,68.95,54.12,0.618,68.2,0.61,8.0,4.0,0.17086
2026-10-02 08:51:00+00:00,M01,SLEEP,0.00633,0.02608,0.12362,0.05201,0.051274,0.0,0.0,0.0,31.22,0.005,97.0,0.02,8.0,4.0,0.00583
2026-10-02 08:52:00+00:00,M01,SLEEP,0.00583,0.00633,0.02608,0.012747,0.00943,0.0,0.0,0.0,30.12,0.006,97.0,0.02,8.0,4.0,0.00581
2026-10-02 08:52:00+00:00,M03,DEGRADED,0.17086,0.13957,0.13923,0.149887,0.014831,60.0,1406.6,71.34,56.77,0.694,61.6,0.74,8.0,4.0,0.17513
2026-10-02 08:52:00+00:00,M02,OVERLOAD,0.11545,0.11581,0.11469,0.115317,0.000467,60.0,1140.3,99.73,50.93,0.437,68.3,0.73,8.0,4.0,0.19831
2026-10-02 08:52:00+00:00,M04,RUNNING,0.09324,0.09303,0.09373,0.093333,0.000293,120.0,2800.4,19.13,44.87,0.149,96.9,0.02,8.0,4.0,0.09349
2026-10-02 08:53:00+00:00,M03,RUNNING,0.17513,0.17086,0.13957,0.161853,0.015853,180.0,1496.7,55.14,57.61,0.236,95.0,0.74,8.0,4.0,0.14393
2026-10-02 08:53:00+00:00,M04,RUNNING,0.09349,0.09324,0.09303,0.093253,0.000188,60.0,2800.1,19.13,44.97,0.15,96.8,0.03,8.0,4.0,0.0935
2026-10-02 08:53:00+00:00,M01,SLEEP,0.00581,0.00583,0.00633,0.00599,0.000241,0.0,0.0,0.0,29.35,0.005,97.0,0.02,8.0,4.0,0.00583
2026-10-02 08:53:00+00:00,M02,RUNNING,0.19831,0.11545,0.11581,0.14319,0.038976,120.0,1199.1,57.2,52.59,0.175,95.4,0.73,8.0,4.0,0.11958
2026-10-02 08:54:00+00:00,M03,RUNNING,0.14393,0.17513,0.17086,0.163307,0.013812,120.0,1499.5,53.13,55.55,0.197,95.8,0.1,8.0,4.0,0.13904
2026-10-02 08:54:00+00:00,M04,RUNNING,0.0935,0.09349,0.09324,0.09341,0.00012,120.0,2800.2,19.19,45.03,0.15,96.8,0.03,8.0,4.0,0.09378
2026-10-02 08:54:00+00:00,M02,RUNNING,0.11958,0.19831,0.11545,0.144447,0.038124,120.0,1200.6,55.01,50.63,0.159,96.1,0.09,8.0,4.0,0.11526
2026-10-02 08:54:00+00:00,M01,RUNNING,0.00583,0.00581,0.00583,0.005823,9e-06,120.0,1401.5,48.7,33.48,0.172,96.9,0.03,8.0,4.0,0.12342
2026-10-02 08:55:00+00:00,M01,IDLE,0.12342,0.00583,0.00581,0.04502,0.055437,0.0,63.2,5.27,35.89,0.043,97.0,0.02,8.0,4.0,0.02582
2026-10-02 08:55:00+00:00,M04,RUNNING,0.09378,0.0935,0.09349,0.09359,0.000134,60.0,2800.4,19.1,45.13,0.151,96.9,0.03,8.0,4.0,0.09335
2026-10-02 08:55:00+00:00,M03,RUNNING,0.13904,0.14393,0.17513,0.1527,0.015986,120.0,1501.0,53.35,54.27,0.197,96.1,0.06,8.0,4.0,0.13977
2026-10-02 08:55:00+00:00,M02,RUNNING,0.11526,0.11958,0.19831,0.144383,0.038173,60.0,1200.5,55.1,49.71,0.157,96.4,0.05,8.0,4.0,0.11544
2026-10-02 08:56:00+00:00,M01,SLEEP,0.02582,0.12342,0.00583,0.05169,0.051373,0.0,0.4,0.12,33.24,0.006,97.0,0.02,8.0,4.0,0.00635
2026-10-02 08:56:00+00:00,M03,RUNNING,0.13977,0.13904,0.14393,0.140913,0.002154,120.0,1500.2,53.15,53.38,0.199,96.5,0.05,8.0,4.0,0.13915
2026-10-02 08:56:00+00:00,M02,RUNNING,0.11544,0.11526,0.11958,0.11676,0.001995,120.0,1199.9,55.24,49.1,0.16,96.5,0.04,8.0,4.0,0.11567
2026-10-02 08:56:00+00:00,M04,RUNNING,0.09335,0.09378,0.0935,0.093543,0.000178,120.0,2800.5,19.02,45.18,0.149,96.8,0.03,8.0,4.0,0.09298
2026-10-02 08:57:00+00:00,M02,RUNNING,0.11567,0.11544,0.11526,0.115457,0.000168,120.0,1199.4,55.24,48.72,0.162,96.7,0.03,8.0,4.0,0.11563
2026-10-02 08:57:00+00:00,M01,SLEEP,0.00635,0.02582,0.12342,0.051863,0.051219,0.0,0.0,0.0,31.5,0.005,97.0,0.02,8.0,4.0,0.00581
2026-10-02 08:57:00+00:00,M03,DEGRADED,0.13915,0.13977,0.13904,0.13932,0.000321,120.0,1421.5,68.74,54.22,0.619,68.1,0.62,8.0,4.0,0.17044
2026-10-02 08:57:00+00:00,M04,RUNNING,0.09298,0.09335,0.09378,0.09337,0.000327,60.0,2799.6,19.11,45.2,0.147,96.9,0.03,8.0,4.0,0.09336
2026-10-02 08:58:00+00:00,M03,DEGRADED,0.17044,0.13915,0.13977,0.149787,0.014606,60.0,1407.6,71.22,56.83,0.692,61.6,0.73,8.0,4.0,0.17495
2026-10-02 08:58:00+00:00,M01,SLEEP,0.00581,0.00635,0.02582,0.01266,0.009308,0.0,0.0,0.0,30.49,0.006,97.0,0.02,8.0,4.0,0.00581
2026-10-02 08:58:00+00:00,M04,RUNNING,0.09336,0.09298,0.09335,0.09323,0.000177,120.0,2800.3,19.14,45.18,0.151,96.7,0.03,8.0,4.0,0.09352
2026-10-02 08:58:00+00:00,M02,OVERLOAD,0.11563,0.11567,0.11544,0.11558,0.0001,60.0,1144.3,99.11,50.87,0.438,68.6,0.73,8.0,4.0,0.19777
2026-10-02 08:59:00+00:00,M03,RUNNING,0.17495,0.17044,0.13915,0.161513,0.01592,120.0,1495.7,55.42,57.73,0.238,94.9,0.74,8.0,4.0,0.14456
2026-10-02 08:59:00+00:00,M01,SLEEP,0.00581,0.00581,0.00635,0.00599,0.000255,0.0,0.0,0.0,29.83,0.006,97.0,0.02,8.0,4.0,0.00581
2026-10-02 08:59:00+00:00,M04,RUNNING,0.09352,0.09336,0.09298,0.093287,0.000226,60.0,2800.7,19.09,45.23,0.152,96.8,0.03,8.0,4.0,0.09333
2026-10-02 08:59:00+00:00,M02,RUNNING,0.19777,0.11563,0.11567,0.143023,0.038712,120.0,1197.9,56.87,52.64,0.176,95.3,0.75,8.0,4.0,0.11874
2026-10-02 09:00:00+00:00,M03,RUNNING,0.14456,0.17495,0.17044,0.163317,0.01339,180.0,1500.1,53.15,55.72,0.201,95.7,0.1,9.0,4.0,0.13916
2026-10-02 09:00:00+00:00,M04,RUNNING,0.09333,0.09352,0.09336,0.093403,8.3e-05,120.0,2799.9,19.13,45.1,0.149,97.0,0.03,9.0,4.0,0.09345
2026-10-02 09:00:00+00:00,M01,RUNNING,0.00581,0.00581,0.00581,0.00581,0.0,120.0,1401.7,48.86,33.85,0.175,96.8,0.03,9.0,4.0,0.12383
2026-10-02 09:00:00+00:00,M02,RUNNING,0.11874,0.19777,0.11563,0.144047,0.038009,120.0,1199.6,55.4,50.73,0.157,96.1,0.09,9.0,4.0,0.116
2026-10-02 09:01:00+00:00,M02,RUNNING,0.116,0.11874,0.19777,0.14417,0.037917,60.0,1199.9,55.01,49.6,0.161,96.4,0.05,9.0,4.0,0.11519
2026-10-02 09:01:00+00:00,M03,RUNNING,0.13916,0.14456,0.17495,0.15289,0.015754,120.0,1499.7,53.32,54.4,0.199,96.2,0.08,9.0,4.0,0.13956
2026-10-02 09:01:00+00:00,M01,IDLE,0.12383,0.00581,0.00581,0.04515,0.055635,0.0,62.8,5.37,36.07,0.04,97.0,0.02,9.0,4.0,0.02626
2026-10-02 09:01:00+00:00,M04,RUNNING,0.09345,0.09333,0.09352,0.093433,7.8e-05,60.0,2799.4,19.11,44.95,0.152,96.9,0.02,9.0,4.0,0.09334
2026-10-02 09:02:00+00:00,M04,RUNNING,0.09334,0.09345,0.09333,0.093373,5.4e-05,120.0,2800.0,19.15,45.22,0.152,96.7,0.03,9.0,4.0,0.09356
2026-10-02 09:02:00+00:00,M03,RUNNING,0.13956,0.13916,0.14456,0.141093,0.002457,120.0,1498.8,53.12,53.55,0.197,96.3,0.05,9.0,4.0,0.13894
2026-10-02 09:02:00+00:00,M02,RUNNING,0.11519,0.116,0.11874,0.116643,0.001519,120.0,1200.5,55.52,48.95,0.163,96.6,0.04,9.0,4.0,0.11631
2026-10-02 09:02:00+00:00,M01,SLEEP,0.02626,0.12383,0.00581,0.051967,0.051496,0.0,0.6,0.12,33.32,0.007,97.0,0.02,9.0,4.0,0.00639
2026-10-02 09:03:00+00:00,M01,SLEEP,0.00639,0.02626,0.12383,0.05216,0.051323,0.0,0.0,0.0,31.38,0.006,97.0,0.02,9.0,4.0,0.00581
2026-10-02 09:03:00+00:00,M02,RUNNING,0.11631,0.11519,0.116,0.115833,0.000472,120.0,1200.4,55.16,48.7,0.158,96.7,0.03,9.0,4.0,0.11556
2026-10-02 09:03:00+00:00,M04,RUNNING,0.09356,0.09334,0.09345,0.09345,9e-05,60.0,2798.6,19.04,45.24,0.151,96.8,0.03,9.0,4.0,0.09299
2026-10-02 09:03:00+00:00,M03,DEGRADED,0.13894,0.13956,0.13916,0.13922,0.000257,120.0,1421.8,68.63,54.4,0.62,68.0,0.63,9.0,4.0,0.17022
2026-10-02 09:04:00+00:00,M03,DEGRADED,0.17022,0.13894,0.13956,0.149573,0.014602,60.0,1408.9,71.23,56.89,0.695,61.5,0.74,9.0,4.0,0.17514
2026-10-02 09:04:00+00:00,M04,RUNNING,0.09299,0.09356,0.09334,0.093297,0.000235,120.0,2801.0,19.23,45.06,0.15,96.9,0.02,9.0,4.0,0.09402
2026-10-02 09:04:00+00:00,M02,OVERLOAD,0.11556,0.11631,0.11519,0.115687,0.000466,60.0,1142.0,100.12,50.89,0.435,68.7,0.73,9.0,4.0,0.1994
2026-10-02 09:04:00+00:00,M01,SLEEP,0.00581,0.00639,0.02626,0.01282,0.009506,0.0,0.0,0.0,30.16,0.005,97.0,0.02,9.0,4.0,0.00585
2026-10-02 09:05:00+00:00,M04,RUNNING,0.09402,0.09299,0.09356,0.093523,0.000421,60.0,2799.5,19.04,44.98,0.153,96.9,0.03,9.0,4.0,0.09304
2026-10-02 09:05:00+00:00,M03,RUNNING,0.17514,0.17022,0.13894,0.161433,0.016032,120.0,1496.6,55.96,57.74,0.235,95.0,0.74,9.0,4.0,0.14606
2026-10-02 09:05:00+00:00,M02,RUNNING,0.1994,0.11556,0.11631,0.143757,0.039347,120.0,1197.2,57.36,52.45,0.179,95.4,0.73,9.0,4.0,0.11971
2026-10-02 09:05:00+00:00,M01,SLEEP,0.00585,0.00581,0.00639,0.006017,0.000264,0.0,0.0,0.0,29.71,0.006,97.0,0.02,9.0,4.0,0.00586
2026-10-02 09:06:00+00:00,M03,RUNNING,0.14606,0.17514,0.17022,0.163807,0.012709,120.0,1499.9,53.77,55.56,0.2,95.8,0.11,9.0,4.0,0.14074
2026-10-02 09:06:00+00:00,M01,RUNNING,0.00586,0.00585,0.00581,0.00584,2.2e-05,120.0,1401.0,48.72,33.71,0.174,96.9,0.03,9.0,4.0,0.12344
2026-10-02 09:06:00+00:00,M04,RUNNING,0.09304,0.09402,0.09299,0.09335,0.000474,120.0,2799.2,19.11,45.09,0.152,96.9,0.03,9.0,4.0,0.09336
2026-10-02 09:06:00+00:00,M02,RUNNING,0.11971,0.1994,0.11556,0.14489,0.038582,120.0,1200.3,54.82,50.61,0.16,96.1,0.07,9.0,4.0,0.11484
2026-10-02 09:07:00+00:00,M03,RUNNING,0.14074,0.14606,0.17514,0.15398,0.015119,180.0,1500.4,53.18,54.06,0.203,96.3,0.07,9.0,4.0,0.13925
2026-10-02 09:07:00+00:00,M04,RUNNING,0.09336,0.09304,0.09402,0.093473,0.000408,60.0,2800.2,19.13,45.03,0.149,96.9,0.02,9.0,4.0,0.09348
2026-10-02 09:07:00+00:00,M01,IDLE,0.12344,0.00586,0.00585,0.04505,0.05543,0.0,62.9,5.3,36.06,0.044,97.0,0.02,9.0,4.0,0.02582
2026-10-02 09:07:00+00:00,M02,RUNNING,0.11484,0.11971,0.1994,0.14465,0.038765,60.0,1200.4,55.06,49.64,0.159,96.3,0.06,9.0,4.0,0.11535
2026-10-02 09:08:00+00:00,M02,RUNNING,0.11535,0.11484,0.11971,0.116633,0.002185,120.0,1200.2,55.36,48.99,0.16,96.6,0.04,9.0,4.0,0.11595
2026-10-02 09:08:00+00:00,M03,RUNNING,0.13925,0.14074,0.14606,0.142017,0.002923,120.0,1500.1,53.32,53.43,0.203,96.3,0.04,9.0,4.0,0.13959
2026-10-02 09:08:00+00:00,M04,RUNNING,0.09348,0.09336,0.09304,0.093293,0.000186,120.0,2800.3,19.09,44.91,0.144,97.0,0.02,9.0,4.0,0.0933
2026-10-02 09:08:00+00:00,M01,SLEEP,0.02582,0.12344,0.00586,0.051707,0.051373,0.0,0.5,0.12,33.52,0.007,97.0,0.02,9.0,4.0,0.00638
2026-10-02 09:09:00+00:00,M01,SLEEP,0.00638,0.02582,0.12344,0.05188,0.051219,0.0,0.0,0.0,31.65,0.005,97.0,0.02,9.0,4.0,0.00585
2026-10-02 09:09:00+00:00,M03,DEGRADED,0.13959,0.13925,0.14074,0.13986,0.000638,60.0,1421.0,68.53,54.5,0.614,68.4,0.62,9.0,4.0,0.16988
2026-10-02 09:09:00+00:00,M04,RUNNING,0.0933,0.09348,0.09336,0.09338,7.5e-05,60.0,2800.5,19.09,44.9,0.149,96.9,0.02,9.0,4.0,0.09332
2026-10-02 09:09:00+00:00,M02,RUNNING,0.11595,0.11535,0.11484,0.11538,0.000454,120.0,1200.6,55.44,48.66,0.163,96.7,0.04,9.0,4.0,0.11617
2026-10-02 09:10:00+00:00,M04,RUNNING,0.09332,0.0933,0.09348,0.093367,8.1e-05,120.0,2799.6,19.01,44.97,0.152,96.9,0.03,9.0,4.0,0.09287
2026-10-02 09:10:00+00:00,M02,OVERLOAD,0.11617,0.11595,0.11535,0.115823,0.000347,60.0,1141.3,99.84,50.98,0.437,68.4,0.74,9.0,4.0,0.19869
2026-10-02 09:10:00+00:00,M01,SLEEP,0.00585,0.00638,0.02582,0.012683,0.009292,0.0,0.0,0.0,30.51,0.005,97.0,0.02,9.0,4.0,0.00584
2026-10-02 09:10:00+00:00,M03,DEGRADED,0.16988,0.13959,0.13925,0.149573,0.01436,120.0,1404.7,71.84,56.92,0.693,61.6,0.74,9.0,4.0,0.17612
2026-10-02 09:11:00+00:00,M04,RUNNING,0.09287,0.09332,0.0933,0.093163,0.000208,60.0,2799.3,19.18,45.01,0.152,96.9,0.03,9.0,4.0,0.09369
2026-10-02 09:11:00+00:00,M02,RUNNING,0.19869,0.11617,0.11595,0.143603,0.038952,120.0,1198.5,57.03,52.5,0.175,95.4,0.74,9.0,4.0,0.11912
2026-10-02 09:11:00+00:00,M01,SLEEP,0.00584,0.00585,0.00638,0.006023,0.000252,0.0,0.0,0.0,29.72,0.005,97.0,0.02,9.0,4.0,0.0058
2026-10-02 09:11:00+00:00,M03,RUNNING,0.17612,0.16988,0.13959,0.161863,0.015954,120.0,1496.5,55.68,57.48,0.237,95.0,0.75,9.0,4.0,0.14531
2026-10-02 09:12:00+00:00,M02,RUNNING,0.11912,0.19869,0.11617,0.14466,0.038224,120.0,1199.2,55.29,50.62,0.161,96.1,0.08,9.0,4.0,0.11571
2026-10-02 09:12:00+00:00,M03,RUNNING,0.14531,0.17612,0.16988,0.16377,0.013299,120.0,1500.1,53.2,55.23,0.199,95.9,0.09,9.0,4.0,0.13927
2026-10-02 09:12:00+00:00,M04,RUNNING,0.09369,0.09287,0.09332,0.093293,0.000335,120.0,2799.9,19.13,45.09,0.151,96.8,0.03,9.0,4.0,0.09345
2026-10-02 09:12:00+00:00,M01,RUNNING,0.0058,0.00584,0.00585,0.00583,2.2e-05,120.0,1401.0,48.83,33.85,0.173,96.9,0.03,9.0,4.0,0.1237
2026-10-02 09:13:00+00:00,M02,RUNNING,0.11571,0.11912,0.19869,0.144507,0.038339,60.0,1199.4,55.11,49.43,0.162,96.5,0.05,9.0,4.0,0.11536
2026-10-02 09:13:00+00:00,M03,RUNNING,0.13927,0.14531,0.17612,0.153567,0.016137,120.0,1500.5,53.02,54.01,0.197,96.3,0.06,9.0,4.0,0.13885
2026-10-02 09:13:00+00:00,M01,IDLE,0.1237,0.0058,0.00584,0.045113,0.055569,0.0,63.3,5.35,36.12,0.039,97.0,0.02,9.0,4.0,0.02622
2026-10-02 09:13:00+00:00,M04,RUNNING,0.09345,0.09369,0.09287,0.093337,0.000344,60.0,2799.7,19.01,45.12,0.15,96.9,0.02,9.0,4.0,0.0929
2026-10-02 09:14:00+00:00,M03,RUNNING,0.13885,0.13927,0.14531,0.141143,0.002951,120.0,1499.5,53.62,53.2,0.201,96.4,0.04,9.0,4.0,0.14033
2026-10-02 09:14:00+00:00,M02,RUNNING,0.11536,0.11571,0.11912,0.11673,0.001696,120.0,1199.7,55.44,48.72,0.164,96.6,0.04,9.0,4.0,0.11606
2026-10-02 09:14:00+00:00,M01,SLEEP,0.02622,0.1237,0.0058,0.051907,0.051445,0.0,0.5,0.12,33.45,0.007,97.0,0.02,9.0,4.0,0.0064
2026-10-02 09:14:00+00:00,M04,RUNNING,0.0929,0.09345,0.09369,0.093347,0.000331,120.0,2799.9,19.14,44.99,0.148,96.8,0.03,9.0,4.0,0.09351
2026-10-02 09:15:00+00:00,M02,RUNNING,0.11606,0.11536,0.11571,0.11571,0.000286,120.0,1199.7,54.88,48.41,0.164,96.7,0.04,9.0,4.0,0.11491
2026-10-02 09:15:00+00:00,M03,DEGRADED,0.14033,0.13885,0.13927,0.139483,0.000623,120.0,1421.8,68.4,54.19,0.621,68.5,0.61,9.0,4.0,0.16966
2026-10-02 09:15:00+00:00,M01,SLEEP,0.0064,0.02622,0.1237,0.052107,0.051267,0.0,0.0,0.0,31.44,0.006,97.0,0.02,9.0,4.0,0.0058
2026-10-02 09:15:00+00:00,M04,RUNNING,0.09351,0.0929,0.09345,0.093287,0.000275,60.0,2799.8,19.14,44.86,0.152,96.9,0.03,9.0,4.0,0.09354
2026-10-02 09:16:00+00:00,M02,OVERLOAD,0.11491,0.11606,0.11536,0.115443,0.000473,120.0,1140.5,100.06,50.87,0.435,68.4,0.74,9.0,4.0,0.19898
2026-10-02 09:16:00+00:00,M01,SLEEP,0.0058,0.0064,0.02622,0.012807,0.009488,0.0,0.0,0.0,30.16,0.006,97.0,0.02,9.0,4.0,0.00582
2026-10-02 09:16:00+00:00,M03,DEGRADED,0.16966,0.14033,0.13885,0.149613,0.014188,120.0,1407.8,71.85,56.53,0.691,61.6,0.74,9.0,4.0,0.17653
2026-10-02 09:16:00+00:00,M04,RUNNING,0.09354,0.09351,0.0929,0.093317,0.000295,120.0,2800.3,19.04,44.94,0.149,96.8,0.03,9.0,4.0,0.09306
2026-10-02 09:17:00+00:00,M04,RUNNING,0.09306,0.09354,0.09351,0.09337,0.00022,60.0,2799.4,19.14,45.14,0.148,96.9,0.04,9.0,4.0,0.0935
2026-10-02 09:17:00+00:00,M02,RUNNING,0.19898,0.11491,0.11606,0.143317,0.039363,60.0,1198.0,57.29,52.84,0.172,95.3,0.74,9.0,4.0,0.11964
2026-10-02 09:17:00+00:00,M03,RUNNING,0.17653,0.16966,0.14033,0.162173,0.015698,120.0,1496.4,55.65,57.48,0.235,95.1,0.74,9.0,4.0,0.14523
2026-10-02 09:17:00+00:00,M01,SLEEP,0.00582,0.0058,0.0064,0.006007,0.000278,0.0,0.0,0.0,29.45,0.005,97.0,0.02,9.0,4.0,0.00584
2026-10-02 09:18:00+00:00,M01,RUNNING,0.00584,0.00582,0.0058,0.00582,1.6e-05,120.0,1401.0,49.08,33.48,0.173,96.8,0.02,9.0,4.0,0.12434
2026-10-02 09:18:00+00:00,M02,RUNNING,0.11964,0.19898,0.11491,0.14451,0.038564,120.0,1199.3,55.23,51.03,0.157,95.8,0.08,9.0,4.0,0.1156
2026-10-02 09:18:00+00:00,M03,RUNNING,0.14523,0.17653,0.16966,0.163807,0.013432,120.0,1500.0,52.91,55.4,0.203,95.8,0.1,9.0,4.0,0.1385
2026-10-02 09:18:00+00:00,M04,RUNNING,0.0935,0.09306,0.09354,0.093367,0.000217,120.0,2799.8,19.12,44.98,0.147,97.0,0.02,9.0,4.0,0.09344
2026-10-02 09:19:00+00:00,M03,RUNNING,0.1385,0.14523,0.17653,0.15342,0.016571,120.0,1499.8,53.46,54.0,0.2,96.3,0.06,9.0,4.0,0.13993
2026-10-02 09:19:00+00:00,M04,RUNNING,0.09344,0.0935,0.09306,0.093333,0.000195,60.0,2800.1,19.14,44.89,0.149,96.9,0.03,9.0,4.0,0.09355
2026-10-02 09:19:00+00:00,M01,IDLE,0.12434,0.00584,0.00582,0.045333,0.055866,0.0,63.6,5.33,35.93,0.041,97.0,0.02,9.0,4.0,0.0263
2026-10-02 09:19:00+00:00,M02,RUNNING,0.1156,0.11964,0.19898,0.14474,0.038389,120.0,1200.4,54.75,49.88,0.159,96.3,0.05,9.0,4.0,0.11471
2026-10-02 09:20:00+00:00,M02,RUNNING,0.11471,0.1156,0.11964,0.11665,0.002145,60.0,1200.4,54.98,49.08,0.16,96.5,0.04,9.0,4.0,0.11517
2026-10-02 09:20:00+00:00,M03,RUNNING,0.13993,0.1385,0.14523,0.14122,0.002895,120.0,1499.5,52.97,53.12,0.198,96.6,0.04,9.0,4.0,0.13862
2026-10-02 09:20:00+00:00,M04,RUNNING,0.09355,0.09344,0.0935,0.093497,4.5e-05,120.0,2799.4,19.24,44.95,0.152,96.8,0.03,9.0,4.0,0.094
2026-10-02 09:20:00+00:00,M01,SLEEP,0.0263,0.12434,0.00584,0.05216,0.051718,0.0,0.4,0.12,33.37,0.006,97.0,0.02,9.0,4.0,0.00641
2026-10-02 09:21:00+00:00,M03,DEGRADED,0.13862,0.13993,0.1385,0.139017,0.000648,120.0,1420.5,68.56,54.3,0.621,68.0,0.63,9.0,4.0,0.16988
2026-10-02 09:21:00+00:00,M01,SLEEP,0.00641,0.0263,0.12434,0.05235,0.051548,0.0,0.0,0.0,31.44,0.006,97.0,0.02,9.0,4.0,0.00582
2026-10-02 09:21:00+00:00,M02,RUNNING,0.11517,0.11471,0.1156,0.11516,0.000363,120.0,1200.7,55.44,48.53,0.16,96.7,0.04,9.0,4.0,0.11617
2026-10-02 09:21:00+00:00,M04,RUNNING,0.094,0.09355,0.09344,0.093663,0.000242,60.0,2801.2,18.9,44.77,0.152,96.9,0.02,9.0,4.0,0.0924
2026-10-02 09:22:00+00:00,M01,SLEEP,0.00582,0.00641,0.0263,0.012843,0.009518,0.0,0.0,0.0,30.19,0.006,97.0,0.02,9.0,4.0,0.00581
2026-10-02 09:22:00+00:00,M04,RUNNING,0.0924,0.094,0.09355,0.093317,0.000674,120.0,2799.8,19.2,45.01,0.15,96.8,0.03,9.0,4.0,0.09383
2026-10-02 09:22:00+00:00,M03,DEGRADED,0.16988,0.13862,0.13993,0.149477,0.014437,60.0,1407.9,71.19,56.92,0.692,61.5,0.74,9.0,4.0,0.17492
2026-10-02 09:22:00+00:00,M02,OVERLOAD,0.11617,0.11517,0.11471,0.11535,0.000609,120.0,1139.9,99.94,50.96,0.436,68.4,0.73,9.0,4.0,0.19867
2026-10-02 09:23:00+00:00,M01,SLEEP,0.00581,0.00582,0.00641,0.006013,0.000281,0.0,0.0,0.0,29.64,0.005,97.0,0.02,9.0,4.0,0.00584
2026-10-02 09:23:00+00:00,M04,RUNNING,0.09383,0.0924,0.094,0.09341,0.000718,60.0,2800.0,19.09,44.95,0.147,96.9,0.02,9.0,4.0,0.09328
2026-10-02 09:23:00+00:00,M03,RUNNING,0.17492,0.16988,0.13862,0.16114,0.016056,180.0,1496.2,55.2,57.73,0.235,94.9,0.75,9.0,4.0,0.14406
2026-10-02 09:23:00+00:00,M02,RUNNING,0.19867,0.11617,0.11517,0.143337,0.039129,60.0,1197.6,57.28,52.67,0.173,95.5,0.75,9.0,4.0,0.11957
2026-10-02 09:24:00+00:00,M03,RUNNING,0.14406,0.17492,0.16988,0.162953,0.013517,120.0,1499.7,53.38,55.69,0.202,95.6,0.11,9.0,4.0,0.13972
2026-10-02 09:24:00+00:00,M01,RUNNING,0.00584,0.00581,0.00582,0.005823,1.2e-05,120.0,1401.7,48.66,33.73,0.172,96.9,0.02,9.0,4.0,0.12334
2026-10-02 09:24:00+00:00,M04,RUNNING,0.09328,0.09383,0.0924,0.09317,0.000589,120.0,2799.7,19.06,44.84,0.151,96.8,0.03,9.0,4.0,0.09312
2026-10-02 09:24:00+00:00,M02,RUNNING,0.11957,0.19867,0.11617,0.144803,0.038115,120.0,1199.9,55.07,50.88,0.156,95.9,0.08,9.0,4.0,0.11531
2026-10-02 09:25:00+00:00,M02,RUNNING,0.11531,0.11957,0.19867,0.144517,0.038332,120.0,1199.6,55.44,49.81,0.161,96.3,0.06,9.0,4.0,0.11606
2026-10-02 09:25:00+00:00,M04,RUNNING,0.09312,0.09328,0.09383,0.09341,0.000304,60.0,2800.2,19.07,44.93,0.149,96.9,0.03,9.0,4.0,0.0932
2026-10-02 09:25:00+00:00,M03,RUNNING,0.13972,0.14406,0.17492,0.1529,0.015671,120.0,1500.0,53.06,54.25,0.194,96.3,0.07,9.0,4.0,0.13889
2026-10-02 09:25:00+00:00,M01,IDLE,0.12334,0.00584,0.00581,0.044997,0.055397,0.0,62.3,5.36,36.02,0.045,97.0,0.02,9.0,4.0,0.02622
2026-10-02 09:26:00+00:00,M04,RUNNING,0.0932,0.09312,0.09328,0.0932,6.5e-05,120.0,2799.9,19.03,44.92,0.148,97.0,0.03,9.0,4.0,0.09299
2026-10-02 09:26:00+00:00,M03,RUNNING,0.13889,0.13972,0.14406,0.14089,0.002267,120.0,1500.1,53.06,53.25,0.202,96.4,0.05,9.0,4.0,0.13891
2026-10-02 09:26:00+00:00,M02,RUNNING,0.11606,0.11531,0.11957,0.11698,0.001857,60.0,1201.5,55.49,49.03,0.16,96.5,0.04,9.0,4.0,0.11636
2026-10-02 09:26:00+00:00,M01,SLEEP,0.02622,0.12334,0.00584,0.0518,0.051266,0.0,0.5,0.12,33.28,0.007,97.0,0.02,9.0,4.0,0.00642
2026-10-02 09:27:00+00:00,M03,DEGRADED,0.13891,0.13889,0.13972,0.139173,0.000387,120.0,1421.7,68.85,54.15,0.619,68.3,0.62,9.0,4.0,0.17073
2026-10-02 09:27:00+00:00,M02,RUNNING,0.11636,0.11606,0.11531,0.11591,0.000442,120.0,1199.3,54.72,48.64,0.158,96.7,0.03,9.0,4.0,0.11453
2026-10-02 09:27:00+00:00,M01,SLEEP,0.00642,0.02622,0.12334,0.051993,0.051093,0.0,0.0,0.0,31.21,0.006,97.0,0.02,9.0,4.0,0.00586
2026-10-02 09:27:00+00:00,M04,RUNNING,0.09299,0.0932,0.09312,0.093103,8.7e-05,60.0,2800.1,19.12,45.05,0.151,96.8,0.03,9.0,4.0,0.09346
2026-10-02 09:28:00+00:00,M03,DEGRADED,0.17073,0.13891,0.13889,0.14951,0.015005,60.0,1406.8,71.45,56.77,0.694,61.5,0.73,9.0,4.0,0.17544
2026-10-02 09:28:00+00:00,M04,RUNNING,0.09346,0.09299,0.0932,0.093217,0.000192,120.0,2799.9,19.01,45.02,0.154,96.9,0.03,9.0,4.0,0.0929
2026-10-02 09:28:00+00:00,M01,SLEEP,0.00586,0.00642,0.02622,0.012833,0.009469,0.0,0.0,0.0,29.94,0.005,97.0,0.02,9.0,4.0,0.00585
2026-10-02 09:28:00+00:00,M02,OVERLOAD,0.11453,0.11636,0.11606,0.11565,0.000801,120.0,1143.2,99.91,50.96,0.434,68.5,0.73,9.0,4.0,0.19916
2026-10-02 09:29:00+00:00,M03,RUNNING,0.17544,0.17073,0.13891,0.161693,0.016225,120.0,1496.9,55.68,57.6,0.236,95.0,0.73,9.0,4.0,0.14534
2026-10-02 09:29:00+00:00,M04,RUNNING,0.0929,0.09346,0.09299,0.093117,0.000246,60.0,2800.2,19.15,44.95,0.148,96.9,0.02,9.0,4.0,0.09358
2026-10-02 09:29:00+00:00,M02,RUNNING,0.19916,0.11453,0.11636,0.14335,0.039471,60.0,1197.7,57.28,52.63,0.174,95.4,0.75,9.0,4.0,0.11963
2026-10-02 09:29:00+00:00,M01,SLEEP,0.00585,0.00586,0.00642,0.006043,0.000266,0.0,0.0,0.0,29.14,0.005,97.0,0.02,9.0,4.0,0.00587
2026-10-02 09:30:00+00:00,M02,RUNNING,0.11963,0.19916,0.11453,0.14444,0.038749,0.0,1200.5,56.19,51.5,0.157,95.5,0.08,9.0,4.0,0.00392
2026-10-02 09:30:00+00:00,M01,SLEEP,0.00587,0.00585,0.00586,0.00586,8e-06,0.0,0.0,0.0,28.81,0.007,97.0,0.02,9.0,4.0,0.0002
2026-10-02 09:30:00+00:00,M03,RUNNING,0.14534,0.17544,0.17073,0.163837,0.01322,0.0,1501.7,53.1,56.56,0.199,95.1,0.09,9.0,4.0,0.00464
2026-10-02 09:30:00+00:00,M04,RUNNING,0.09358,0.0929,0.09346,0.093313,0.000296,60.0,2797.6,18.81,44.9,0.136,97.0,0.02,9.0,4.0,0.00306
